id,fin_prdt_cd,fin_co_no,kor_co_nm,fin_prdt_nm,join_way,join_deny,join_member,max_limit,mtrt_int,spcl_cnd,etc_note,dcls_month,dcls_strt_day,dcls_end_day,fin_co_subm_day
1,WR0001F,0010001,우리은행,우리SUPER주거래적금,"영업점,인터넷,스마트폰,전화(텔레뱅킹)",1,실명의 개인,-1,"만기 후
- 1개월이내 : 만기시점약정이율×50%
- 1개월초과 6개월이내: 만기시점약정이율×30%
- 6개월초과 : 만기시점약정이율×20%

※ 만기시점 약정이율 : 일반정기적금 금리","1. 거래실적 인정기간 동안 우리은행 입출식 계좌에서 아래 각 항목별 실적이 있는 월 수가 계약기간의 1/2이상인 경우
2. 우리은행 상품서비스 마케팅 동의 항목 중 전화(휴대폰) 및 SMS항목을 모두 동의한 후 만기해지시점까지 유지:연 0.1%p
3. 이 상품 가입 시 금리우대쿠폰을 적용한 경우","1. 가입기간 : 1년/2년/3년
2. 가입금액 : 월 50만원 이내",202411,20241120,,202411201104
2,WR0001L,0010001,우리은행,WON적금,"스마트폰,전화(텔레뱅킹)",1,실명의 개인,-1,"만기 후
- 1개월이내 : 만기시점약정이율×50%
- 1개월초과 6개월이내: 만기시점약정이율×30%
- 6개월초과 : 만기시점약정이율×20%

※ 만기시점 약정이율 : 일반정기적금 금리","1. 아래 각 항(가, 나)의 조건을 충족하는 경우 합산 최대 연 0.2%p 우대
가. 이 적금을 우리꿈통장, WON통장에 연결하여 가입하는 경우 : 0.1%p
나. 우리 오픈뱅킹 서비스에 타행계좌가 등록되어 있는 경우 : 연 0.1%p","1. 가입기간 : 1년
2. 가입금액 : 월 50만원 이내",202411,20241120,,202411201104
3,00266451,0010002,한국스탠다드차타드은행,퍼스트가계적금,"영업점,인터넷,스마트폰",1,개인(개인사업자 포함),10000000,"만기 후 1개월: 약정이율의 50%
만기 후 1개월 초과 1년 이내: 약정이율의 30%
만기 후 1년 초과: 약정이율의 10%",없음,해당없음,202411,20241120,99991231,202411201510
4,10521001000846001,0010016,아이엠뱅크,내손안에 적금,스마트폰,1,실명의 개인,1000000,"만기 후 1개월 미만 경과: 약정이자율 x 50%
만기 후 3개월 미만 경과: 약정이자율 x 25%
만기 후 3개월 이상 경과: 약정이자율 x 10%","* 최고우대금리 : 연0.55%p
 - 당행 인터넷/모바일뱅킹을 통하여 최초로 적립식예금 가입 시 : 연0.20%p
 - 상품 가입 전 최근 3개월 이내 당행 인터넷/모바일뱅킹을 통한 이체거래 3회 이상 : 연0.10%p
- 상품 가입 전 수수료우대 통장 보유 고객 : 연0.20%p
* 해당 상품을 모바일뱅킹을 통해 가입 : 연0.05%p",1계좌당 가입한도 : 월 100만원(최저 10만원 이상),202411,20241120,,202411200926
5,10527001000925000,0010016,아이엠뱅크,영플러스적금,"영업점,인터넷,스마트폰",3,만 29세 이하 실명의 개인,500000,"만기 후 1개월 미만 경과: 약정이자율 x 50%
만기 후 3개월 미만 경과: 약정이자율 x 25%
만기 후 3개월 이상 경과: 약정이자율 x 10%","* 최고우대금리 : 연0.55%p
- 상품 가입 전 영플러스통장 보유 또는 재예치일 기준 영플러스통장 전월 평잔 10만원 이상 : 연0.10%p
- 예금기간 중 입금횟수 10회 이상 : 연0.10%p
- 입학 및 졸업 축하금리 : 연0.30%p
* 해당 상품을 인터넷/모바일뱅킹을 통해 가입 : 연0.05%p",1계좌당 가입한도 : 월 50만원(최저 1만원 이상),202411,20241120,,202411200926
6,10527001001272000,0010016,아이엠뱅크,내가만든 보너스적금,"영업점,인터넷,스마트폰",1,실명의 개인,200000,"만기 후 1개월 미만 경과: 약정이자율 x 50%
만기 후 3개월 미만 경과: 약정이자율 x 25%
만기 후 3개월 이상 경과: 약정이자율 x 10%","* 최고우대금리: 연0.80%p
- 인터넷/모바일뱅킹으로 신규: 연0.20%p
- 상품 가입 전 마케팅활용[개인(신용)정보수집이용동의] 전체 동의: 연0.20%p
(계약기간 1년인 경우 만기일 기준)
- 당행 계좌로 자동이체 8회 이상 입금: 연0.20%p
- 원금합계 100만원 이상: 연0.10%p 또는 원금합계 200만원 이상: 연0.20%p","1계좌당 가입한도 : 월20만원
(최저 1만원 이상)",202411,20241120,,202411200926
7,10527001001278000,0010016,아이엠뱅크,iM스마트적금,"인터넷,스마트폰",1,실명의 개인,1000000,"만기 후 1개월 미만 경과: 약정이자율 x 50%
만기 후 3개월 미만 경과: 약정이자율 x 25%
만기 후 3개월 이상 경과: 약정이자율 x 10%","* 최고우대금리 : 연0.45%p
- 가입일로부터 3개월 이내 1가지 이상 요건 충족시 : 연0.20%p
① 당행 주택청약종합저축 보유
② 당행 신용(체크)카드 결제실적 보유(결제금액 출금기준)
- 전체 계약월수 중 1/2이상 당행 계좌에서 자동이체 납입 시 : 연0.20%p
* 해당 상품을 인터넷/모바일뱅킹을 통해 가입 : 연0.05%p",1계좌당 가입한도 : 월 100만원(최저 5만원 이상),202411,20241120,,202411200926
8,01020400490002,0010017,부산은행,펫 적금,"영업점,스마트폰",1,실명의 개인고객(1인 1계좌),500000,"- 만기후 1년이내:가입기간별 일반정기적금 기본이율 x 50%
- 만기후 1년초과:가입기간별 일반정기적금 기본이율 x 20%","*우대이율 6개월제 최대 0.55%, 12개월제 최대 0.90%","1. 가입한도: 월 1만원 이상 50만원 이하 원단위
2. 정기적립식",202411,20241120,,202411201024
9,01020400510001,0010017,부산은행,"저탄소 실천
적금","영업점,인터넷,스마트폰",1,제한없음,10000000,"- 만기후 1년이내:가입기간별 일반정기적금 기본이율 x 50%
- 만기후 1년초과:가입기간별 일반정기적금 기본이율 x 20%","조건 달성여부에 따라 우대금리 적용
*개인형 우대이율: 최대0.4%
*기업형(개인사업자 및 법인)우대이율: 최대0.4%","1. 가입한도: 월 1만원 이상 1천만원 이하 원단위 (월 1천만원 이하 불입 가능)
2. 자유적립식",202411,20241120,,202411201024
10,01020400530001,0010017,부산은행,"BNK내맘대로 
적금","영업점,인터넷,스마트폰",1,제한없음,-1,"- 만기후 1년이내:가입기간별 일반정기적금 기본이율 x 50%
- 만기후 1년초과:가입기간별 일반정기적금 기본이율 x 20%","*우대이율 최대 0.2%
- 신규시 우대이율 0.05% 및 해지시 우대이율 최대 0.15%","1. 가입금액 :
   1천원 이상
2. 가입기간 : 
6개월 이상 60개월 이하(일단위)",202411,20241120,,202411201024
11,01020400660001,0010017,부산은행,"부산이라 좋다
Big적금",스마트폰,1,실명의 개인고객(1인 1계좌),1000000,"- 만기후 1년이내:가입기간별 일반정기적금 기본이율 x 50%
- 만기후 1년초과:가입기간별 일반정기적금 기본이율 x 20%","*우대이율 6개월 미만 최대2.00%, 6개월 이상 2.20%","1. 가입한도: 월 1천원 이상 100만원 이하 원단위
2. 자유적립식",202411,20241120,,202411201024
12,1020400640001,0010017,부산은행,BNK아기천사적금,스마트폰,1,실명의 개인고객(1인 1계좌),300000,"- 만기후 1년이내:가입기간별 일반정기적금 기본이율 x 50%
- 만기후 1년초과:가입기간별 일반정기적금 기본이율 x 20%",*우대이율 최대 6.00%,"1. 가입한도: 월 1만원 이상 30만원 이하 원단위
2.자유적립식",202411,20241120,,202411201024
13,TD11330029000,0010019,광주은행,해피라이프_여행스케치적금V,"영업점,스마트폰",1,"제한없음(단,국가및지방자치단체제외)",5000000,"*만기후 1개월 이내: 만기일 당시 최초 가입 기간별 고시금리의 1/2 
*만기후 1개월 초과: 0.1%","▶ 최고우대금리 1.20%p  
①해피라이프_여행스케치외화적금V 동일자가입 0.5%p 
②해지원금 기준 500만원이상 : 최고0.2%p
③신용(체크)카드사용실적300만원이상:최고 0.3%p
④개인(신용)정보 동의: 0.2%p","1. 가입기간 : 6개월이상 3년제
2. 가입금액 : 월5만원 이상 5백만원 이하 (1인1계좌)",202411,20241120,,202411201133
14,TD11330030000,0010019,광주은행,여행스케치_남도투어적금,"영업점,스마트폰",1,만14세이상 개인 및 개인사업자,1000000,"만기후 1개월 이내: 만기일 당시 최초 가입 기간별 고시금리의 1/2 
만기후 1개월 초과: 0.1%","▶ 최고우대금리 1.9%p 
①예금가입일~만기일전일까지 당행이선정한 전라남도 관광지 방문 인증시 : 최고 1.5%p
②신용(체크)카드사용실적300만원이상:최고 0.3%p
③개인(신용)정보 동의: 0.1%p","1. 가입기간 :12개월제,18개월제
2. 가입금액 : 월 5만원 이상 1백만원 이하 (1인1계좌)
※ 18개월 정액식 기본금리 3.3%, 최고금리 5.2%",202411,20241120,,202411201133
15,TD11330031000,0010019,광주은행,VIP플러스적금,"영업점,인터넷,스마트폰",1,실명의 개인,5000000,"*만기후 1개월 이내: 만기일 당시 최초 가입 기간별 고시금리의 1/2 
*만기후 1개월 초과: 0.1%","▶ 최고우대금리 0.50%p  
①이 예금가입시 VIP고객이거나 가입일 이후부터 만기일전일까지 VIP고객에 선정된 경험이 있는 경우 : 0.3%p 
②이 예금 가입일에 정기예금 500만원이상(만기 1년이상) 가입하고 만기일 전일까지 유지한 경우 : 0.2%p","1. 가입기간 : 1년제
2. 가입금액 : 월10만원 이상 5백만원 이하 (1인1계좌)",202411,20241120,,202411201133
16,220002101,0010020,제주은행,jbank 저금통적금,"인터넷,스마트폰",1,개인 및 개인사업자,500000,"- 만기후 1개월 이내 : (일반)정기적금 기본이자율의 50%
(단, 최저금리 0.1%)
- 만기후 1개월 초과 3개월 이내 : (일반)정기적금 기본이자율의 25%
(단, 최저금리 0.1%)
- 만기후 3개월 초과 : 0.1%","* 거래조건에 따라 최고 2.1%p 우대금리 적용
① 자투리 출금계좌 평잔 50만원 이상 유지 : 0.8%p
② 첫거래고객 or JBANK저금통적금 1개월 내 재신규 : 0.5%p
③ 신규가입 시점에서 적금 목표금액 최소 30만원 이상 설정하고, 적금 신규일로부터 3개월 내 잔액이 목표금액 이상인 경우 :0.5%p
④ 추천인 우대금리 : 0.30%p",월 납입한도 50만원 이하,202411,20241120,,202411201112
17,220002501,0010020,제주은행,MZ 플랜적금,"영업점,인터넷,스마트폰",1,개인 및 개인사업자,300000,"- 만기후 1개월 이내 : (일반)정기적금 기본이자율의 50%
(단, 최저금리 0.1%)
- 만기후 1개월 초과 3개월 이내 : (일반)정기적금 기본이자율의 25%
(단, 최저금리 0.1%)
- 만기후 3개월 초과 : 0.1%","①매월 1회이상 지속적 납입시:1년제: 0.50%
② 목표 금액 달성:0.50%
③ 신용카드,체크카드 합산 사용액 월10만원 이상 사용: 0.50%
* 청년이니까응원합니다 이벤트 : 0.50%",월 납입한도 30만원 이하,202411,20241120,,202411201112
18,220002701,0010020,제주은행,탐이나요적금,"인터넷,스마트폰",1,개인 및 개인사업자,1000000,"- 만기후 1개월 이내 : (일반)정기적금 기본이자율의 50%
(단, 최저금리 0.1%)
- 만기후 1개월 초과 3개월 이내 : (일반)정기적금 기본이자율의 25%
(단, 최저금리 0.1%)
- 만기후 3개월 초과 : 0.1%","우대요건 충족시 최고 2.7%p 추가 우대(만기시 제공)매월 JBANK로그인 시 0.2%,한 가지라도 수행시 2.5% 제공①추천인 코드로 3명 이상 가입시 ②탐나는전 체크카드 월30만원 이상 사용 유지 ③탐나는전 선불카드 충전계좌를 당행 입출금계좌로 등록 후 평잔 50만원 이상 유지 시",월 납입한도 100만원 이하,202411,20241120,,202411201112
19,10-01-30-031-0018-0000,0010022,전북은행,JB 다이렉트적금(자유적립식),"인터넷,스마트폰",1,실명의 개인 및 개인사업자(임의단체 제외),10000000,"√만기후 1개월이내 경과분 : 만기일 현재 계약기간별 정기적금(자유적립식) 실행이율의 1/2
√만기후 1개월초과 경과분 : 연 0.1%","추가우대금리 :
당행 계좌간 자동이체를 통해 이 예금으로 자동이체 된 금액에 0.1% 금리 우대","1. 초회불입금 1만원이상, 1인당 월별 최고 1천만원이내
2. 만기직전 1개월간 적립합계는 이전기간 적립금액을 초과할 수 없음
3. 인터넷뱅킹/스마트폰뱅킹 가입상품",202411,20241120,,202411201630
20,10-01-30-031-0036,0010022,전북은행,JB 다이렉트적금(정액적립식),"인터넷,스마트폰",1,실명의 개인 및 개인사업자(임의단체 제외),5000000,"√만기후 1개월이내 경과분 : 만기일 현재 계약기간별 정기적금(정액적립식) 실행이율의 1/2
√만기후 1개월초과 경과분 : 연 0.1%","추가우대금리 :
당행 계좌간 자동이체를 통해 6회이상 입금한 경우 
연 0.1% 금리우대","1. 초회불입금 1만원이상, 1인당 월별 최고 5백만원이내
2. 인터넷뱅킹/스마트폰뱅킹 가입상품",202411,20241120,,202411201630
21,10-01-30-031-0049-0000,0010022,전북은행,3초 플레이 적금,스마트폰,1,실명의 개인 및 개인사업자(1인 1계좌),500000,"√만기후 1개월이내 경과분 : 만기일 현재 계약기간별 정기적금(정액적립식) 실행이율의 1/2
√만기후 1개월초과 경과분 : 연 0.1%","1. 만기 전전월까지 게임 50회 참여시 0.9%
2. 3초 플레이 적금 게임에 참여하여 획득한 점수 총 합에 따라 추가 우대금리 (연0.5% ~ 연3.0%)
3. 가입기간 내 오픈뱅킹을 통해 계좌 추가 등록/유지시 우대 0.1%

※거래실적 인정기준 세부내용은 홈페이지 참조","계약기간 6개월
월별 적립한도 5만원 이상 최고 50만원 이하 (1인 1계좌)",202411,20241021,,202411201632
22,21000111,0010024,경남은행,행복 DREAM 적금,"영업점,인터넷,스마트폰",1,실명의 개인 및 개인사업자,999999999,"만기후 1개월 이내: 일반정기예금 기본이율의 50%
만기후 1개월 초과: 일반정기예금 기본이율의 20%","①신규일로부터 6개월전까지 당행 적금 미보유 0.2%
②월부금이 50만원 이상인 경우 0.20%
③이 예금을 자동이체로 납입하는 경우 0.2%
④신용(체크)카드 최초발급 후 10만원 이내 이용 0.2%
⑤ 전자명함을 통한 신규 시 0.2%","1. 계약기간은 1년 이상 3년 이하 월단위로 한다.
2. 적립금액은 5만원 이상, 최고금액은 제한없음",202411,20241120,,202411201002
23,21001116,0010024,경남은행,BNK더조은자유적금,"인터넷,스마트폰",1,"거래대상자는 제한을 두지 아니한다. 다만, 국가 및 지방자치단체는 이 예금을 거래할 수 없다.",5000000,"만기후 1개월 이내: 일반정기예금 기본이율의 50%
만기후 1개월 초과: 일반정기예금 기본이율의 20%","①오픈뱅킹서비스 가입 0.20%(만기까지 유지)
②당행 입출금통장에서 자동이체시 입금건별 0.20%
③이 상품 신규시 금리우대쿠폰을 등록할 경우 0.30%","1. 계약기간은 6개월 이상 2년 이내 월단위로 한다.
2. 초입금 1만원 이상 월별 500만원 이내에서 자유롭게 저축
3. 최대 저축횟수는 999회 이내",202411,20241120,,202411201002
24,21001199,0010024,경남은행,BNK 위더스자유적금,"영업점,인터넷,스마트폰,기타",1,실명의 개인 및 개인사업자,1000000,"만기후 1개월 이내: 일반정기예금 기본이율의 50%
만기후 1개월 초과: 일반정기예금 기본이율의 20%","①ESG 실천 우대금리 0.50%
②신규고객 우대금리 0.50%
- 당행 1년 이내예적금(청약포함)신규해지 이력미보유
③공동가입우대금리 1.50%","1.계약기간은 1개월 이상 36개월 이하 월단위로 한다.
2..1인 1계좌로 가입가능
2.매월 최소 1만원 이상, 최고 월 100만원 이하 (천원 단위)",202411,20241120,,202411201002
25,21001236,0010024,경남은행,주거래 프리미엄 적금,"영업점,인터넷,스마트폰",1,실명의 개인 및 개인사업자,999999999,"만기후 1개월 이내: 일반정기예금 기본이율의 50%
만기후 1개월 초과: 일반정기예금 기본이율의 20%","①주거래우대 0.50%
②공과금 자동이체 0.40~0.60%
③신규고객 0.20%
④주택청약종합저축 보유 0.10%
⑤ 전자명함을 통한 신규 시 0.2%","1.계악기간은 1년제, 2년제, 3년제로 한다.
2. 적립금액은 매월 1만원이상, 최고금액은 제한없음",202411,20241120,,202411201002
26,21001259,0010024,경남은행,오늘도세이브적금,"인터넷,스마트폰,기타",1,실명의 개인 및 개인사업자,100000,"만기후 1개월 이내: 일반정기예금 기본이율의 50%
만기후 1개월 초과: 일반정기예금 기본이율의 20%","①마케팅동의 0.15%
②목돈마련 축하이율 0.30~1.00%
③친구 추천번호 0.30~0.60%","1. 계약기간은 1개월 이상 6개월 이내 월단위로 한다.
2. 초입금 일 1천원 이상 10만원 이하 자유롭게 저축
3. 최대 저축횟수는 999회 이내",202411,20241120,,202411201002
27,21001268,0010024,경남은행,터치적금,스마트폰,1,실명의 개인 및 개인사업자,30000,"만기후 1개월 이내: 일반정기예금 기본이율의 50%
만기후 1개월 초과: 일반정기예금 기본이율의 20%","①첫거래고객(적금가입 전일기준 당행 활동계좌 미보유) 2.50%
②기간내 적금 입금일마다 0.10%씩 우대(최대2.50%)
③마케팅동의 및 모바일메세지 수신동의 만기유지 시 0.50%","1. 계약기간은 1개월로 한다.
2. 초입금 일 1천원 이상 3만원 이하 자유롭게 저축
3. 최대 저축횟수는 999회 이내",202411,20241120,,202411201002
28,01211210113,0010026,중소기업은행,IBK D-day적금(자유적립식),스마트폰,1,"실명의 개인
(개인사업자 제외)",600000,"만기일 당시 정기적금 만기후금리 적용
- 1개월 이내: 만기일 당시 약정금리x50%
- 1월 초과 6개월 이내: 만기일 당시 약정금리x30%
- 6개월 초과: 만기일 당시 약정금리x20%","최고 연 1.5%p
1. 목표달성 축하금리 : 연 1.0%p
  - 당행 입출금식 계좌에서 이 적금으로 자동이체를 통해 3회 이상 납입하고 만기일 전일까지 목표금액(신규 시 직접 설정) 이상 납입하는 경우
2. 최초거래고객 우대금리 : 연 0.5%p","1인당 3계좌 가입 가능하며, 계좌당 20만원 이내 납입 가능",202411,20241120,,202411201030
29,01211210121,0010026,중소기업은행,IBK탄소제로적금(자유적립식),스마트폰,1,"실명의 개인
(개인사업자 제외)",1000000,"만기일 당시 정기적금 만기후금리 적용
- 1개월 이내: 만기일 당시 약정금리x50%
- 1월 초과 6개월 이내: 만기일 당시 약정금리x30%
- 6개월 초과: 만기일 당시 약정금리x20%","최고 연 2.00%p
1. 에너지 절감 우대금리 : 최대 연 1.00%p
2. 최초거래고객 우대금리 : 연 0.50%p
3. 지로 또는 공과금 자동이체 우대금리 : 연 0.50%p","1인당 1계좌 가입 가능하며, 계좌당 최소 1만원 이상 1백만원까지 납입 가능",202411,20241120,,202411201030
30,01211210122,0010026,중소기업은행,"IBK중기근로자우대적금
(자유적립식)","영업점,스마트폰",3,"중소기업에서 근무하는
실명의 개인
(개인사업자 제외)",1000000,"만기일 당시 정기적금 만기후금리 적용
- 1개월 이내: 만기일 당시 약정금리x50%
- 1월 초과 6개월 이내: 만기일 당시 약정금리x30%
- 6개월 초과: 만기일 당시 약정금리x20%","최고 연 2.20%p
1. 가입시점 중소기업 근로자로 확인된 경우 : 재직기간에 따라 최고 연 1.2%p
2. 당행 급여이체 실적(월50만원 이상) 6개월 이상
   인 경우 : 연 1.0%p","1인당 1계좌 가입 가능하며, 계좌당 100만원까지 납입 가능",202411,20241120,,202411201030
31,03101,0010030,한국산업은행,KDB 기업정기적금,"영업점,인터넷",1,"개인사업자, 조합(비영리법인 포함), 법인",-1,"* 만기후 1년 이내 : 만기일 현재 고시된 일반 정기적금 해당예금기간 기본이율의 1/2
* 만기후 1년 초과 : 만기일 현재 고시된 보통예금 이율",해당없음,해당없음,202411,20241120,,202411200939
32,03700,0010030,한국산업은행,KDB 자유적금,"영업점,인터넷,스마트폰",1,"개인, 개인사업자, 임의단체",5000000,"* 만기후 1년 이내 : 만기일 현재 고시된 일반 정기적금 해당예금기간 기본이율의 1/2
* 만기후 1년 초과 : 만기일 현재 고시된 보통예금 이율",해당없음,해당없음,202411,20241120,,202411200939
33,010200100051,0010927,국민은행,KB국민프리미엄적금(정액),"영업점,인터넷,스마트폰,전화(텔레뱅킹)",1,실명의 개인,-1,"- 1개월 이내 : 기본이율 X 50%
- 1개월 초과  ~ 3개월 이내 : 기본이율 X 30%
- 3개월 초과 : 0.1%","① 단체가입/나라사랑/쿠폰 우대이율: 
    1년: 연 0.6%p, 2년: 연 0.7%p,
    3년: 연 0.9%p, 5년: 연 1.0%p 
   (중복적용되지 않음, 계약기간별차등적용)
② 교차거래 우대이율: 연 0.3%p",1인 1계좌,202411,20241120,,202411201057
34,010200100084,0010927,국민은행,KB맑은하늘적금,"영업점,인터넷,스마트폰",1,실명의 개인,-1,"- 1개월 이내 : 기본이율 X 50%
- 1개월 초과  ~ 3개월 이내 : 기본이율 X 30%
- 3개월 초과 : 0.1%","맑은하늘을 위한 미션별 제공조건을 달성할 때 각 미션별 우대이율 제공
- 1년제 최고 연 0.8%p, 2년제 최고 연 0.9%p, 3년제 최고 연 1.0%p
① 종이통장 줄이기 미션:연 0.1%p
② 종이서식 줄이기 미션:연 0.2%p
③ 대중교통 미션:1년제 연 0.4%p, 2년제 연 0.5%p, 3년제 연 0.6%p
④ 퀴즈미션:연 0.1%p","공동명의 불가
(1인 최대 3계좌)",202411,20241120,,202411201057
35,010200100092,0010927,국민은행,KB반려행복적금,스마트폰,1,실명의 개인,-1,"- 1개월 이내 : 기본이율 X 50%
- 1개월 초과  ~ 3개월 이내 : 기본이율 X 30%
- 3개월 초과 : 0.1%","항목별 적용 조건 충족시, 최고 연 1.5%p
① 반려동물 등록: 연 0.2%p
② 미지(유기)입양: 연 0.2%p
③ 반려동물애정활동: 연 0.2%p
④ 반려동물요금제: 연 0.2%p
⑤ KB거래감사: 연 0.2%p
⑥ KB첫거래: 연 0.5%p","공동명의 불가
(1인 최대 3계좌)",202411,20241120,,202411201057
36,010200100104,0010927,국민은행,KB 특★한 적금,스마트폰,1,실명의 개인,-1,"- 1개월 이내 : 기본이율 X 50%
- 1개월 초과  ~ 3개월 이내 : 기본이율 X 30%
- 3개월 초과 : 0.1%","항목별 적용 조건 충족시, 최고 연 4.0%p
① 목표달성 축하 우대이율: 최고 연 1.0%p
    50만원 이하: 연 0.5%p, 50만원 초과: 연 1.0%p 
② 별 모으기 우대이율 : 최고 연 1.0%p
    10개: 연 0.5%p, 20개: 연 1.0%p
③ 함께해요 우대이율: 최고 연 2.0%p","개인사업자, 임의단체 및
공동명의 가입 불가
(1인 최대 3계좌)",202411,20241120,,202411201057
37,010200100109,0010927,국민은행,KB차차차 적금,스마트폰,1,만19세이상 실명의 개인,-1,"- 1개월 이내 : 기본이율 X 50%
- 1개월 초과  ~ 3개월 이내 : 기본이율 X 30%
- 3개월 초과 : 0.1%","항목별 적용 조건 충족시, 최고 연 5.5%p
① 혜택수신 우대이율: 연 1.0%p
② KB패밀리 우대이율: 연 1.0%p
③ KB국민인증 우대이율: 연0.5%p 
④ 내차든든 우대이율: 연 3.0%P","- 개인사업자, 임의단체 및 공동명의 가입 불가
(1인 1계좌) 
- KB스타뱅킹 전용상품",202411,20241120,,202411201057
38,230-0119-85,0011625,신한은행,신한 알.쏠 적금,"영업점,스마트폰",1,제한없음,3000000,"-1개월 이하:(일반) 정기적금 기본금리 1/2
(단, 최저금리 0.10%)
-1개월 초과~6개월 이하: (일반) 정기적금 기본금리의 1/4
(단, 최저금리 0.10%)
-6개월 초과 0.10%","※가산금리 최고 연 1.30%
- 소득이체 : 연 0.6%
- 카드이용 : 연 0.3%
- 오픈뱅킹 : 연 0.6%
- 청약보유 : 연 0.3%
- 마케팅동의 : 연 0.1%
※ 우대금리 항목별 자세한 적용 조건은 상품설명서 참조","1. 가입한도: 
월300만원 이하
2. 1인 다계좌",202411,20241120,,202411200925
39,10-047-1360-0002,0013175,농협은행주식회사,NH올원e 미니적금,스마트폰,1,개인,1550000,"만기후 1년 이내 : 만기시점 계약기간별 자유로우대적금 기본금리의 1/2
만기후 1년 초과 : 보통예금 금리","1. 자동이체 입금횟수 우대금리 : 최고 0.5%p
 - 5회이상 : 0.2%p, 10회이상 : 0.3%p, 15회이상 0.5%p
2. 목표금액 달성 축하금리  : 0.5%p
3. MZ세대(만 19~34세)) 우대금리 : 0.5%p
4. 직전 1년간 당행 예적금(청약포함) 미보유 고객 : 0.2%p","가입기간 1개월 이상 6개월 이하(일 단위)

초입금 및 매일 1천원이상  5만원이내(천원 단위)",202411,20241121,,202411210913
40,10-047-1365-0001,0013175,농협은행주식회사,NH1934월복리적금,"영업점,인터넷,스마트폰",3,만19세~만34세 개인 및 개인사업자,500000,"만기후 1년 이내 : 만기시점 계약기간별 기본금리의 1/2
만기후 1년 초과 : 보통예금 금리","1. 급여실적 : 1.0%p (①/② 중복 적용 불가)
 ① 급여이체 실적 : 1.0%p
 ② 개인사업자 계좌 실적 :1.0%p
2. 비대면 채널 이체 실적 : 0.3%p
3. 마케팅 동의 : 0.2%p
4. 농업계고 및 청년농부사관학교 졸업자 : 2.0%p","초입금 및 매회 1만원 이상, 월 50만원 이내 자유적립

급여이체 실적과 개인사업자 계좌 실적 우대금리는 중복 적용 불가

 * 급여입금실적 인정기준
  - 가입기간 12개월 이하 : 3개월 이상 급여이체
  - 가입기간 24개월 이하 : 12개월 이상 급여이체",202411,20241121,,202411210913
41,10-047-1381-0001,0013175,농협은행주식회사,NH내가Green초록세상적금,"영업점,인터넷,스마트폰",1,개인,500000,"만기후 1년 이내 : 만기시점 계약기간별 기본금리의 1/2
만기후 1년 초과 : 보통예금 금리","※ 우대금리 최대한도 : 1.0%p(연%, 세전)
1. 온실가스 줄이기 실천서약서 동의 : 0.1%p
2. 통장미발급 : 0.3%p
3. 손하나로인증 서비스 등록 : 0.2%p
4. 대중교통이용 : 0.2%p
5. NH내가Green초록세상예금 동시 보유 : 0.2%p","초입금5만원 이상 및 매회 1만원 이상, 매월50만원이내
(단, 만기일 전 3개월 이내에는 이전 적립금 합계액을 초과하여 입금불가)

※자세한 사항은 상품설명서 참조",202411,20241121,,202411210913
42,10-047-1387-0001,0013175,농협은행주식회사,NH고향사랑기부적금,"영업점,인터넷,스마트폰",1,개인,500000,"만기후 1년 이내 : 만기시점 계약기간별 기본금리의 1/2
만기후 1년 초과 : 보통예금 금리","1. 고향사랑기부금 납부고객 우대 : 0.5%p

2-1. 만 65세 이상 고령자 우대 : 0.1%p
2-2. 만 19~34세 MZ고객 우대 : 0.3%p

3. NH채움카드 또는 [zgm.고향으로 카드] 이용실적 우대 : 0.1%p

4. 고향사랑특별금리 : 0.1%p(금리시장상황에 따라 변동 가능)
 - 고향사랑특별금리는 상품 가입고객 모두에게 적용","1.초입금1만원 이상 및 매회 1천원 이상, 매월50만원이내

2. 고향사랑기부금 우대금리는 농협은행/농축협 영업점 또는 고향사랑e음 홈페이지를 통한 고향사랑기부금 납부실적이 확인되는 경우 제공

3. 연간 판매액의 0.1% 공익기금 적립

※자세한 사항은 상품설명서 참조",202411,20241121,,202411210913
43,10-059-1264-0001,0013175,농협은행주식회사,NH직장인월복리적금,"영업점,인터넷,스마트폰",3,만18세이상 개인,3000000,"만기후 3개월 이내 : 만기시점 국고채 1년물 금리
만기후 1년 이내 : 만기시점 채움적금 계약기간별 고시금리의 50%
만기후 1년 초과 : 만기시점 보통예금 금리","1. 급여입금실적 보유 고객 중
 - 가입기간 중 3개월 이상 급여이체시 : 0.3%p
 - 주택청약종합저축 또는 펀드가입 : 0.2%p
 - NH채움카드 결제실적 1백만원 이상 : 0.2%p
2. 인터넷(스마트)뱅킹 또는 올원뱅크로 가입 : 0.1%p","초입금 및 매회 입금 1만원 이상 원 단위,  1인당 분기별 3백만원 이내 적립 가능
(단,계약기간 3/4 경과 후 적립할 수 있는 금액은 이전 적립누계액의 1/2이내)",202411,20241121,,202411210913
44,52,0013909,하나은행,주거래하나 월복리적금,"영업점,인터넷,스마트폰",1,"실명의 개인
또는 개인사업자",3000000,"1개월 이내 : 지급당시 해당기간별 일반정기적금 기본금리 1/2
1개월 초과 : 지급당시 해당기간별 일반정기적금 기본금리 1/4","최고 연1.0%
- 주거래하나우대(연 0.5%) : 적금만기 전전월말기준 본인명의 당행입출금통장을 통해 계약기간 1/2이상 이체된 주거래실적 1종  - 주거래플러스우대(연 0.9%) : 주거래 하나우대와 동일요건의 거래실적 2종이상 경우 
- 온라인.재예치우대 연 최대 0.1%","1. 1인 1계좌만 가능
(급여하나월복리적금,연금하나 월복리적금과 중복가입 불가)
2. 가입금액 
 - 최저1만원~300만원이하
3. 적립한도
 분기당 1만원이상 300만원
 (자유적립식)",202411,20241120,,202411200908
45,53,0013909,하나은행,내맘적금,"영업점,인터넷,스마트폰,전화(텔레뱅킹)",1,"실명의 개인
또는 개인사업자(1인 다계좌 가능)",10000000,"1개월 이내 : 지급당시 해당기간별 일반정기적금 기본금리 1/2
1개월 초과 : 지급당시 해당기간별 일반정기적금 기본금리 1/4",하나은행 통장에서 계약기간의 1/2이상 월부금 자동이체실적 충족 시 연 0.50%,"1. 1인 다계좌 가능
2. 가입금액
   - 1천원 이상~1,000만원 이하(원단위)
3. 적립한도
    - 자유적립식 : 매월 1원 이상~1,000만원 이하(원단위)
    - 정액적립식 : 매월 1천원 이상~1,000만원 이하(원단위)",202411,20241120,,202411200908
46,01012000200000000003,0014674,주식회사 케이뱅크,코드K 자유적금,스마트폰,1,만 17세 이상 실명의 개인 및 개인사업자,300000,"만기 후 
- 1개월 이내: 만기시점 기본금리 X 50% 
- 1개월 초과 ~ 6개월 이내: 만기시점 기본금리 X 30%
- 6개월 초과: 연 0.20%",금리우대 코드를 입력하는 경우 우대금리 적용,"가입금액: 1만원 이상 30만원 이하
가입기간: 6개월, 1년, 2년, 3년 
(1인 최대 15계좌)",202411,20241120,,202411201000
47,01012000200000000004,0014674,주식회사 케이뱅크,궁금한 적금,스마트폰,1,만 17세 이상 실명의 개인 및 개인사업자,-1,"만기 후 
- 1개월 이내: 만기시점 기본금리 X 50% 
- 1개월 초과 ~ 6개월 이내: 만기시점 기본금리 X 30%
- 6개월 초과: 연 0.20%","입금할 때마다 우대금리를 랜덤으로 제공하며, 입금 시 제공되는 우대금리를 누적으로 합산하여 만기 해지 시 적용 (최고 연 6.0%)","가입금액: 0원
가입기간: 31일
(1인 최대 1계좌)
적립방법 : 연결계좌를 통한 직접 입금만 가능하며, 입금은 신규일부터 만기일 전일까지 1일 1회 가능
납입금액 : 1일(1회) 최소 100원, 최대 5만원",202411,20241120,,202411201000
48,01012000210000000000,0014674,주식회사 케이뱅크,주거래우대 자유적금,스마트폰,1,만 17세 이상 실명의 개인 및 개인사업자,3000000,"만기 후 
- 1개월 이내: 만기시점 기본금리 X 50% 
- 1개월 초과 ~ 6개월 이내: 만기시점 기본금리 X 30%
- 6개월 초과: 연 0.20%","급여이체 또는 통신비 자동이체, 체크카드 고객에게 우대금리 제공 (최고 연 0.6%)","가입금액: 1천원 이상 300만원 이하
가입기간: 6개월 ~ 36개월
(1인 최대 3계좌)",202411,20241120,,202411201000
49,10140114300011,0014807,수협은행,"Sh해양플라스틱Zero!적금
(정액적립식)","영업점,인터넷,스마트폰",1,실명의 개인,1000000,"* 만기후 1년 이내
 - 만기당시 일반정기적금 
계약기간별 기본금리 1/2
* 만기후 1년 초과
 - 만기당시 보통예금 기본금리","* 최대우대금리:0.5%
1. 해양플라스틱감축서약 : 0.1% (신규시) 
2. 봉사활동 또는 상품홍보 : 0.2% (만기시) 
3. 입출금통장 최초신규 : 0.2% (만기시)
4. 자동이체 출금실적 : 0.2% (만기시)
 - 수협신용카드 / 당행 펀드 / 수협체크카드
※단위:연%p","- 1인 1계좌 
- 월 가입한도 : 100만원",202411,20241120,99991231,202411201045
50,10141109800021,0014807,수협은행,Sh월복리자유적금,"영업점,인터넷,스마트폰",1,실명의 개인 및 개인사업자,1000000,"* 만기후 1년 이내
 - 만기당시 상호부금
계약기간별 기본금리 1/2
* 만기후 1년 초과
 - 만기당시 보통예금 기본금리","*최대우대금리:0.7%
-첫거래고객:0.3%
-카드거래:최대0.3%
-복수거래:0.1%
-요구불거래:최대0.2%
-인터넷뱅킹고객:0.1%
-자동이체실적:0.1%
※단위:연%p","- 1인 1계좌
- 월 가입한도 : 100만원",202411,20241120,99991231,202411201045
51,10141114300011,0014807,수협은행,"Sh해양플라스틱Zero!적금
(자유적립식)","영업점,인터넷,스마트폰",1,실명의 개인,200000,"* 만기후 1년 이내
 - 만기당시 상호부금 
계약기간별 기본금리 1/2
* 만기후 1년 초과
 - 만기당시 보통예금 기본금리","* 최대우대금리:0.5%
1. 해양플라스틱감축서약 : 0.1% (신규시) 
2. 봉사활동 또는 상품홍보 : 0.2% (만기시) 
3. 입출금통장 최초신규 : 0.2% (만기시)
4. 자동이체 출금실적 : 0.2% (만기시)
 - 수협신용카드 / 당행 펀드 / 수협체크카드
※단위:연%p","- 1인 1계좌 
- 월 가입한도 : 20만원",202411,20241120,99991231,202411201045
52,10-01-30-355-0002,0015130,주식회사 카카오뱅크,카카오뱅크 자유적금,스마트폰,1,만 17세 이상의 실명의 개인,-1,"- 만기 후 1개월 이내 : 가입(또는 자동연장)시점 기본금리x50%
- 만기 후 1개월초과 3개월 이내 : 가입(또는 자동연장)시점 기본금리x30%
- 만기 후 3개월 초과 : 0.20%","자동이체시 우대금리 제공 : 연 0.20%p
 - 제공조건 : 전체 계약월수의 1/2이상을 자동이체로 납입하고 만기 해지하는 경우
 - 유의사항 : 만기 자동연장된 원리금은 우대금리를 제공하지 않음","1. 가입방법 : 스마트폰
2. 가입금액 : 1천원 이상(원단위)
3. 가입기간 : 6개월 이상 ~ 36개월 이하(월, 일단위 지정 가능)
4. 월 적립한도 : 1천원 이상 월 300만원 이하 원단위(단, 자동연장된 원리금은 월 적립한도에 포함되지 않음)",202411,20241120,,202411201122
53,10-01-30-355-0005,0015130,주식회사 카카오뱅크,카카오뱅크 26주적금,스마트폰,1,만 17세 이상의 실명의 개인,-1,"- 만기 후 1개월 이내 : 가입시점 기본금리x50%
- 만기 후 1개월초과 3개월 이내 : 가입시점 기본금리x30%
- 만기 후 3개월 초과 : 0.20%","자동이체 연속 성공 우대금리 제공 : 최고 연 3.00%p
- 제공조건
① 7주차까지 자동이체 납입을 연속 성공하고 만기해지 하는 경우 연 1.00%p 제공
② 26주차까지 자동이체 납입을 연속 성공하고 만기해지 하는 경우 연 2.00%p 추가 제공
- 유의사항 : 자동이체 실패한 주차를 빈자리채우기 하여도 성공으로 인정되지 않음","1. 가입방법 : 스마트폰
2. 가입금액 : 1천원, 2천원, 3천원, 5천원, 1만원
3. 가입기간 : 6개월
4. 26주적금서비스(자동이체)를 통해서 납입이 가능하며, 그 외의 입금은 모두 제한됨
(단, 26주적금 서비스를 통한 납입 실패 시 빈자리 채우기로 납입 가능)",202411,20241120,,202411201122
54,10-01-30-355-0006,0015130,주식회사 카카오뱅크,카카오뱅크 한달적금,스마트폰,1,만 17세 이상의 실명의 개인,-1,"- 만기 후 1개월 이내 : 가입시점 기본금리x50%
- 만기 후 1개월초과 3개월 이내 : 가입시점 기본금리x30%
- 만기 후 3개월 초과 : 0.20%","매일/보너스 우대금리 제공 : 최고 연 5.50%p
- 제공조건
① 매일 우대금리 : 매 입금 시 마다 연 0.10%p 제공(최대 연 3.10%p)
② 보너스 우대금리 : 누적하여 5/10/15/20/25/31회 입금 시 해당 우대금리 제공(최대 연 2.40%p)
- 유의사항 : 만기 해지하는 경우에만 제공","1. 가입방법 : 스마트폰
2. 납입금액 : 1회 100원 이상 3만원 이하(원단위)
3. 가입기간 : 31일
4. 직접 납입을 통해서 1일 1회만 입금 가능하며, 그 외의 입금은 모두 제한됨",202411,20241120,,202411201122
55,1001303001001,0017801,토스뱅크 주식회사,토스뱅크 키워봐요 적금,스마트폰,1,· 토스뱅크 통장 또는 토스뱅크 서브 통장을 보유한 실명의 개인,1000000,"· 만기 후 1개월 이내 : 만기시점 기본금리 X 50% 
· 만기 후 1개월 초과 3개월 이내 : 만기시점 기본금리 X 20% 
· 만기 후 3개월 초과 : 연 0.10%",· 적금 가입 시 설정되는 주 단위 자동이체를 통하여 25회 이상 적립한 경우 : 연 2.00% 제공,"· 1인 1계좌 (단, 이벤트 등으로 토스뱅크가 복수의 계좌개설을 허용하는 경우 추가 개설 가능)
· 가입금액 : 0원
· 우대금리는 우대조건을 달성하고 만기 해지하는 경우에만 제공됨",202411,20241120,99991231,202411200944
56,1001303001003,0017801,토스뱅크 주식회사,토스뱅크 굴비 적금,스마트폰,1,· 토스뱅크 통장 또는 토스뱅크 서브 통장을 보유한 실명의 개인,300000,"· 만기 후 1개월 이내 : 만기시점 기본금리 X 50% 
· 만기 후 1개월 초과 3개월 이내 : 만기시점 기본금리 X 20% 
· 만기 후 3개월 초과 : 연 0.10%",· 만기 해지 시 : 연 2.50% 제공,"· 1인 1계좌 (단, 이벤트 등으로 토스뱅크가 복수의 계좌개설을 허용하는 경우 추가 개설 가능)
· 가입금액 : 0원
· 우대금리는 만기 해지하는 경우에만 제공됨",202411,20241120,99991231,202411200944
57,1001303001004,0017801,토스뱅크 주식회사,토스뱅크 자유 적금,스마트폰,1,· 토스뱅크 통장 또는 토스뱅크 서브 통장을 보유한 실명의 개인,3000000,"· 만기 후 1개월 이내 : 만기시점 기본금리 X 50% 
· 만기 후 1개월 초과 3개월 이내 : 만기시점 기본금리 X 20% 
· 만기 후 3개월 초과 : 연 0.10%",· 적금 가입 시 설정되는 월 단위 자동이체를 모두 성공하는 경우 : 연 0.50% 제공,"· 1인 1계좌 (단, 이벤트 등으로 토스뱅크가 복수의 계좌개설을 허용하는 경우 추가 개설 가능)
· 가입금액 : 0원 이상 300만원 이하
· 우대금리는 만기 해지하는 경우에만 제공됨",202411,20241120,99991231,202411200944
58,1001303001005,0017801,토스뱅크 주식회사,토스뱅크 아이 적금,스마트폰,3,· 토스뱅크 아이 통장을 보유한 15세 이하 실명의 개인,200000,"· 만기 후 1개월 이내 : 만기시점 기본금리 X 50% 
· 만기 후 1개월 초과 3개월 이내 : 만기시점 기본금리 X 20% 
· 만기 후 3개월 초과 : 연 0.10%",· 적금 가입 시 설정되는 월 단위 자동이체를 모두 성공하는 경우 : 연 2.50% 제공,"· 1인 1계좌 
· 가입금액 : 0원
· 우대금리는 만기 해지하는 경우에만 제공됨",202411,20241120,99991231,202411200944
